{"cameraMode":{"drawMode":0,"name":"Shaded","section":"Shading Mode"},"sceneLighting":false,"audioPlay":false,"sceneViewState":{"showFog":true,"showMaterialUpdate":false,"showSkybox":false,"showFlares":true,"showImageEffects":true,"showParticleSystems":true},"in2DMode":false,"pivot":{"x":-20.679698944091798,"y":1.6039364337921143,"z":-20.73541259765625},"rotation":{"x":0.3339049220085144,"y":-0.08804570883512497,"z":0.03134378418326378,"w":0.9379621744155884},"size":15.114675521850586,"orthographic":false}