{"cameraMode":{"drawMode":0,"name":"Shaded","section":"Shading Mode"},"sceneLighting":false,"audioPlay":false,"sceneViewState":{"showFog":true,"showMaterialUpdate":false,"showSkybox":false,"showFlares":true,"showImageEffects":true,"showParticleSystems":true},"in2DMode":false,"pivot":{"x":-28.697492599487306,"y":2.934134006500244,"z":-30.992219924926759},"rotation":{"x":0.10166217386722565,"y":-0.23059576749801637,"z":0.024232851341366769,"w":0.9674208760261536},"size":17.059795379638673,"orthographic":false}