{"cameraMode":{"drawMode":0,"name":"Shaded","section":"Shading Mode"},"sceneLighting":false,"audioPlay":false,"sceneViewState":{"showFog":true,"showMaterialUpdate":false,"showSkybox":false,"showFlares":true,"showImageEffects":true,"showParticleSystems":true},"in2DMode":false,"pivot":{"x":-20.488107681274415,"y":-0.783926248550415,"z":-23.258590698242189},"rotation":{"x":-0.07582639157772064,"y":-0.7028326988220215,"z":0.07578354328870774,"w":-0.7032307386398315},"size":17.0644588470459,"orthographic":false}