{"cameraMode":{"drawMode":0,"name":"Shaded","section":"Shading Mode"},"sceneLighting":false,"audioPlay":false,"sceneViewState":{"showFog":true,"showMaterialUpdate":false,"showSkybox":false,"showFlares":true,"showImageEffects":true,"showParticleSystems":true},"in2DMode":false,"pivot":{"x":-5.888211250305176,"y":1.6039365530014039,"z":-10.280817985534668},"rotation":{"x":0.33565467596054079,"y":-0.0005607435014098883,"z":0.00020003227109555155,"w":0.9419849514961243},"size":15.114675521850586,"orthographic":false}