{"cameraMode":{"drawMode":0,"name":"Shaded","section":"Shading Mode"},"sceneLighting":true,"audioPlay":false,"sceneViewState":{"showFog":true,"showMaterialUpdate":false,"showSkybox":true,"showFlares":true,"showImageEffects":true,"showParticleSystems":true},"in2DMode":false,"pivot":{"x":475.2138671875,"y":1259.5157470703125,"z":139.770263671875},"rotation":{"x":-0.09435681253671646,"y":-0.008959573693573475,"z":0.0008490729378536344,"w":-0.9954977631568909},"size":2658.80322265625,"orthographic":false}