{"cameraMode":{"drawMode":0,"name":"Shaded","section":"Shading Mode"},"sceneLighting":false,"audioPlay":false,"sceneViewState":{"showFog":true,"showMaterialUpdate":false,"showSkybox":false,"showFlares":true,"showImageEffects":true,"showParticleSystems":true},"in2DMode":false,"pivot":{"x":-24.425678253173829,"y":-2.215331792831421,"z":-1.2245264053344727},"rotation":{"x":-0.013574745506048203,"y":-0.9861144423484802,"z":0.12883253395557404,"w":-0.1039046123623848},"size":17.130203247070314,"orthographic":false}