{"cameraMode":{"drawMode":0,"name":"Shaded","section":"Shading Mode"},"sceneLighting":false,"audioPlay":false,"sceneViewState":{"showFog":true,"showMaterialUpdate":false,"showSkybox":false,"showFlares":true,"showImageEffects":true,"showParticleSystems":true},"in2DMode":false,"pivot":{"x":-7.2522382736206059,"y":3.9691951274871828,"z":9.751365661621094},"rotation":{"x":0.06196647882461548,"y":0.17661882936954499,"z":-0.01114211417734623,"w":0.9822636246681213},"size":16.091487884521486,"orthographic":false}