{"cameraMode":{"drawMode":0,"name":"Shaded","section":"Shading Mode"},"sceneLighting":false,"audioPlay":false,"sceneViewState":{"showFog":true,"showMaterialUpdate":false,"showSkybox":false,"showFlares":true,"showImageEffects":true,"showParticleSystems":true},"in2DMode":false,"pivot":{"x":-23.781282424926759,"y":2.217085838317871,"z":-33.88726806640625},"rotation":{"x":-0.2596795856952667,"y":-0.2114047259092331,"z":0.05837428942322731,"w":-0.9404610991477966},"size":15.117705345153809,"orthographic":false}