{"cameraMode":{"drawMode":0,"name":"Shaded","section":"Shading Mode"},"sceneLighting":false,"audioPlay":false,"sceneViewState":{"showFog":true,"showMaterialUpdate":false,"showSkybox":false,"showFlares":true,"showImageEffects":true,"showParticleSystems":true},"in2DMode":false,"pivot":{"x":221.0518341064453,"y":98.5840835571289,"z":242.74681091308595},"rotation":{"x":-0.28917863965034487,"y":0.015207399614155293,"z":-0.004593233577907085,"w":-0.9571433067321777},"size":23.60417366027832,"orthographic":false}