{"cameraMode":{"drawMode":0,"name":"Shaded","section":"Shading Mode"},"sceneLighting":false,"audioPlay":false,"sceneViewState":{"showFog":true,"showMaterialUpdate":false,"showSkybox":false,"showFlares":true,"showImageEffects":true,"showParticleSystems":true},"in2DMode":false,"pivot":{"x":-19.80867576599121,"y":-0.6060187816619873,"z":-24.948396682739259},"rotation":{"x":0.06369053572416306,"y":0.6111397743225098,"z":-0.04943305253982544,"w":0.7874059677124023},"size":20.577266693115236,"orthographic":false}