{"cameraMode":{"drawMode":0,"name":"Shaded","section":"Shading Mode"},"sceneLighting":false,"audioPlay":false,"sceneViewState":{"showFog":true,"showMaterialUpdate":false,"showSkybox":false,"showFlares":true,"showImageEffects":true,"showParticleSystems":true},"in2DMode":false,"pivot":{"x":-19.754165649414064,"y":3.698094367980957,"z":-2.243487596511841},"rotation":{"x":-0.13356836140155793,"y":-0.6727011203765869,"z":0.12533803284168244,"w":-0.7168843150138855},"size":13.31623649597168,"orthographic":false}