{"cameraMode":{"drawMode":0,"name":"Shaded","section":"Shading Mode"},"sceneLighting":false,"audioPlay":false,"sceneViewState":{"showFog":true,"showMaterialUpdate":false,"showSkybox":false,"showFlares":true,"showImageEffects":true,"showParticleSystems":true},"in2DMode":false,"pivot":{"x":-29.621601104736329,"y":3.1216464042663576,"z":-21.63928985595703},"rotation":{"x":0.1841377168893814,"y":-0.07216652482748032,"z":0.013558175414800644,"w":0.9801538586616516},"size":16.905630111694337,"orthographic":false}