{"cameraMode":{"drawMode":0,"name":"Shaded","section":"Shading Mode"},"sceneLighting":false,"audioPlay":false,"sceneViewState":{"showFog":true,"showMaterialUpdate":false,"showSkybox":false,"showFlares":true,"showImageEffects":true,"showParticleSystems":true},"in2DMode":false,"pivot":{"x":-9.855772972106934,"y":-2.5394701957702638,"z":-2.386594772338867},"rotation":{"x":0.1542927771806717,"y":-0.18755851686000825,"z":0.029844945296645166,"w":0.9696003794670105},"size":15.521745681762696,"orthographic":false}