{"cameraMode":{"drawMode":0,"name":"Shaded","section":"Shading Mode"},"sceneLighting":false,"audioPlay":false,"sceneViewState":{"showFog":true,"showMaterialUpdate":false,"showSkybox":false,"showFlares":true,"showImageEffects":true,"showParticleSystems":true},"in2DMode":false,"pivot":{"x":-39.11686706542969,"y":2.043315887451172,"z":-23.676334381103517},"rotation":{"x":0.30098816752433779,"y":0.22187496721744538,"z":-0.07222384959459305,"w":0.9246412515640259},"size":13.316234588623047,"orthographic":false}