{"cameraMode":{"drawMode":0,"name":"Shaded","section":"Shading Mode"},"sceneLighting":false,"audioPlay":false,"sceneViewState":{"showFog":true,"showMaterialUpdate":false,"showSkybox":false,"showFlares":true,"showImageEffects":true,"showParticleSystems":true},"in2DMode":false,"pivot":{"x":-35.65643310546875,"y":2.6601436138153078,"z":-4.184329986572266},"rotation":{"x":0.19478069245815278,"y":-0.23856015503406526,"z":0.04890614002943039,"w":0.9501357078552246},"size":19.482540130615236,"orthographic":false}