{"cameraMode":{"drawMode":0,"name":"Shaded","section":"Shading Mode"},"sceneLighting":false,"audioPlay":false,"sceneViewState":{"showFog":true,"showMaterialUpdate":false,"showSkybox":false,"showFlares":true,"showImageEffects":true,"showParticleSystems":true},"in2DMode":false,"pivot":{"x":-17.757923126220704,"y":4.2885823249816898,"z":-4.376602649688721},"rotation":{"x":0.005100045818835497,"y":-0.7940104603767395,"z":-0.00665850518271327,"w":-0.607846200466156},"size":21.35312843322754,"orthographic":false}