{"cameraMode":{"drawMode":0,"name":"Shaded","section":"Shading Mode"},"sceneLighting":false,"audioPlay":false,"sceneViewState":{"showFog":true,"showMaterialUpdate":false,"showSkybox":false,"showFlares":true,"showImageEffects":true,"showParticleSystems":true},"in2DMode":false,"pivot":{"x":-28.754899978637697,"y":4.090710639953613,"z":-12.606435775756836},"rotation":{"x":0.1894501894712448,"y":-0.10434652119874954,"z":0.020252659916877748,"w":0.9761200547218323},"size":20.577260971069337,"orthographic":false}