{"cameraMode":{"drawMode":0,"name":"Shaded","section":"Shading Mode"},"sceneLighting":true,"audioPlay":false,"sceneViewState":{"showFog":true,"showMaterialUpdate":false,"showSkybox":false,"showFlares":true,"showImageEffects":true,"showParticleSystems":true},"in2DMode":false,"pivot":{"x":1129.7198486328125,"y":457.490234375,"z":-500.216796875},"rotation":{"x":-0.4494874179363251,"y":-0.007525271736085415,"z":0.0037891496904194357,"w":-0.8932469487190247},"size":4303.97265625,"orthographic":false}