{"cameraMode":{"drawMode":0,"name":"Shaded","section":"Shading Mode"},"sceneLighting":false,"audioPlay":false,"sceneViewState":{"showFog":true,"showMaterialUpdate":false,"showSkybox":false,"showFlares":true,"showImageEffects":true,"showParticleSystems":true},"in2DMode":false,"pivot":{"x":-18.01209259033203,"y":-1.7646355628967286,"z":-20.562442779541017},"rotation":{"x":-0.09947579354047775,"y":-0.5127255320549011,"z":0.05995801091194153,"w":-0.8506597876548767},"size":16.905630111694337,"orthographic":false}